{"cameraMode":{"drawMode":0,"name":"Shaded","section":"Shading Mode"},"sceneLighting":true,"audioPlay":false,"sceneViewState":{"m_AlwaysRefresh":false,"showFog":true,"showSkybox":true,"showFlares":true,"showImageEffects":true,"showParticleSystems":true,"showVisualEffectGraphs":true,"m_FxEnabled":true},"in2DMode":false,"pivot":{"x":-7.523510932922363,"y":8.205570220947266,"z":732.9498901367188},"rotation":{"x":0.0006295792409218848,"y":0.939292311668396,"z":0.34329313039779665,"w":-0.001671072794124484},"size":4.409566402435303,"orthographic":false}